,Population,PPP
Population,1.0,-0.022008398000129378
PPP,-0.022008398000129378,1.0
