,Year,PPP
count,96.0,96.0
mean,2005.5,0.8817323686351403
std,9.281560667315203,0.3283079555749786
min,1990.0,0.458218587947805
25%,1997.75,0.5250206885440377
50%,2005.5,0.8917295000000001
75%,2013.25,1.18887877357495
max,2021.0,1.45924818515778
95%,2020.0,1.42356264398526
